TOWN,TYPE,JAN,FEB,MAR,APR,MAY,JUN,JUL,AUG,SEP,OCT,NOV,DEC,ANNUAL AVERAGE,
Andover,LF,"1,936","1,940","1,947","1,930","1,954","1,961","1,986","1,955","1,951","1,969","1,965","1,962","1,955",
,EMP,"1,841","1,851","1,863","1,865","1,886","1,892","1,910","1,890","1,895","1,915","1,924","1,920","1,888",
,UN,95,89,84,65,68,69,76,65,56,54,41,42,67,
,RT,4.9,4.6,4.3,3.4,3.5,3.5,3.8,3.3,2.9,2.7,2.1,2.1,3.4,
,,,,,,,,,,,,,,,
Ansonia,LF,"9,184","9,161","9,216","9,170","9,282","9,397","9,548","9,423","9,260","9,256","9,344","9,275","9,293",
,EMP,"8,528","8,557","8,626","8,652","8,758","8,843","8,970","8,846","8,786","8,819","8,929","8,889","8,767",
,UN,656,604,590,518,524,554,578,577,474,437,415,386,526,
,RT,7.1,6.6,6.4,5.6,5.6,5.9,6.1,6.1,5.1,4.7,4.4,4.2,5.7,
,,,,,,,,,,,,,,,
Ashford,LF,"2,547","2,574","2,589","2,558","2,613","2,614","2,629","2,593","2,572","2,592","2,593","2,597","2,590",
,EMP,"2,425","2,438","2,455","2,456","2,485","2,492","2,516","2,490","2,497","2,523","2,534","2,530","2,487",
,UN,122,136,134,102,128,122,113,103,75,69,59,67,103,
,RT,4.8,5.3,5.2,4.0,4.9,4.7,4.3,4.0,2.9,2.7,2.3,2.6,4.0,
,,,,,,,,,,,,,,,
Avon ,LF,"9,321","9,358","9,397","9,396","9,534","9,583","9,617","9,490","9,524","9,617","9,623","9,605","9,506",
,EMP,"8,992","9,040","9,102","9,109","9,214","9,241","9,329","9,232","9,259","9,356","9,397","9,380","9,221",
,UN,329,318,295,287,320,342,288,258,265,261,226,225,285,
,RT,3.5,3.4,3.1,3.1,3.4,3.6,3.0,2.7,2.8,2.7,2.3,2.3,3.0,
,,,,,,,,,,,,,,,
Barkhamsted,LF,"2,311","2,314","2,318","2,300","2,320","2,337","2,370","2,339","2,335","2,335","2,331","2,342","2,329",
,EMP,"2,180","2,186","2,202","2,205","2,230","2,242","2,273","2,249","2,250","2,262","2,278","2,278","2,236",
,UN,131,128,116,95,90,95,97,90,85,73,53,64,93,
,RT,5.7,5.5,5.0,4.1,3.9,4.1,4.1,3.8,3.6,3.1,2.3,2.7,4.0,
,,,,,,,,,,,,,,,
Beacon Falls ,LF,"3,488","3,492","3,508","3,485","3,537","3,570","3,602","3,542","3,542","3,543","3,559","3,566","3,536",
,EMP,"3,312","3,325","3,357","3,359","3,407","3,425","3,453","3,398","3,421","3,448","3,467","3,467","3,403",
,UN,176,167,151,126,130,145,149,144,121,95,92,99,133,
,RT,5.0,4.8,4.3,3.6,3.7,4.1,4.1,4.1,3.4,2.7,2.6,2.8,3.8,
,,,,,,,,,,,,,,,
Berlin ,LF,"11,710","11,743","11,792","11,751","11,860","11,903","12,008","11,852","11,863","11,978","11,999","12,003","11,872",
,EMP,"11,173","11,233","11,310","11,318","11,449","11,483","11,592","11,472","11,505","11,626","11,676","11,656","11,458",
,UN,537,510,482,433,411,420,416,380,358,352,323,347,414,
,RT,4.6,4.3,4.1,3.7,3.5,3.5,3.5,3.2,3.0,2.9,2.7,2.9,3.5,
,,,,,,,,,,,,,,,
Bethany,LF,"3,082","3,114","3,108","3,104","3,120","3,146","3,148","3,095","3,125","3,159","3,158","3,156","3,126",
,EMP,"2,935","2,970","2,976","3,002","3,028","3,036","3,048","3,007","3,035","3,078","3,084","3,070","3,022",
,UN,147,144,132,102,92,110,100,88,90,81,74,86,104,
,RT,4.8,4.6,4.2,3.3,2.9,3.5,3.2,2.8,2.9,2.6,2.3,2.7,3.3,
,,,,,,,,,,,,,,,
Bethel,LF,"10,697","10,662","10,725","10,730","10,852","10,985","11,171","10,992","10,863","10,906","11,007","10,986","10,881",
,EMP,"10,254","10,236","10,330","10,357","10,475","10,566","10,760","10,606","10,522","10,566","10,690","10,688","10,504",
,UN,443,426,395,373,377,419,411,386,341,340,317,298,377,
,RT,4.1,4.0,3.7,3.5,3.5,3.8,3.7,3.5,3.1,3.1,2.9,2.7,3.5,
,,,,,,,,,,,,,,,
Bethlehem,LF,"1,974","1,965","1,977","1,949","1,948","1,962","1,982","1,956","1,955","1,965","1,967","1,982","1,966",
,EM,"1,840","1,847","1,865","1,866","1,893","1,903","1,918","1,888","1,900","1,916","1,926","1,926","1,891",
,UN,134,118,112,83,55,59,64,68,55,49,41,56,75,
,RT,6.8,6.0,5.7,4.3,2.8,3.0,3.2,3.5,2.8,2.5,2.1,2.8,3.8,
,,,,,,,,,,,,,,,
Bloomfield,LF,"11,720","11,751","11,773","11,793","11,940","12,019","12,108","11,940","11,926","12,061","12,025","12,012","11,922",
,EMP,"11,128","11,188","11,265","11,273","11,403","11,437","11,546","11,426","11,459","11,580","11,630","11,609","11,412",
,UN,592,563,508,520,537,582,562,514,467,481,395,403,510,
,RT,5.1,4.8,4.3,4.4,4.5,4.8,4.6,4.3,3.9,4.0,3.3,3.4,4.3,
,,,,,,,,,,,,,,,
Bolton,LF,"3,123","3,148","3,168","3,161","3,194","3,200","3,233","3,191","3,191","3,224","3,225","3,219","3,189",
,EMP,"3,023","3,040","3,060","3,063","3,098","3,107","3,137","3,104","3,113","3,146","3,160","3,154","3,100",
,UN,100,108,108,98,96,93,96,87,78,78,65,65,89,
,RT,3.2,3.4,3.4,3.1,3.0,2.9,3.0,2.7,2.4,2.4,2.0,2.0,2.8,
,,,,,,,,,,,,,,,
Bozrah ,LF,"1,413","1,404","1,419","1,422","1,455","1,482","1,513","1,484","1,455","1,457","1,452","1,443","1,450",
,EMP,"1,351","1,355","1,367","1,372","1,394","1,416","1,443","1,425","1,402","1,403","1,405","1,397","1,394",
,UN,62,49,52,50,61,66,70,59,53,54,47,46,56,
,RT,4.4,3.5,3.7,3.5,4.2,4.5,4.6,4.0,3.6,3.7,3.2,3.2,3.9,
,,,,,,,,,,,,,,,
Branford ,LF,"15,856","15,974","15,955","16,000","16,145","16,245","16,264","15,991","16,126","16,350","16,343","16,294","16,129",
,EMP,"15,099","15,275","15,310","15,442","15,573","15,615","15,675","15,468","15,609","15,833","15,862","15,792","15,546",
,UN,757,699,645,558,572,630,589,523,517,517,481,502,583,
,RT,4.8,4.4,4.0,3.5,3.5,3.9,3.6,3.3,3.2,3.2,2.9,3.1,3.6,
,,,,,,,,,,,,,,,
Bridgeport ,LF,"69,026","69,053","69,289","69,020","69,470","70,335","71,433","70,358","69,226","69,392","69,968","69,550","69,676",
,EMP,"63,688","63,903","64,423","64,611","65,403","66,039","66,987","66,064","65,616","65,860","66,685","66,388","65,472",
,UN,"5,338","5,150","4,866","4,409","4,067","4,296","4,446","4,294","3,610","3,532","3,283","3,162","4,204",
,RT,7.7,7.5,7.0,6.4,5.9,6.1,6.2,6.1,5.2,5.1,4.7,4.5,6.0,
,,,,,,,,,,,,,,,
Bridgewater,LF,826,827,831,824,831,844,854,840,831,836,841,847,836,
,EMP,789,788,795,797,807,814,828,817,810,814,823,823,809,
,UN,37,39,36,27,24,30,26,23,21,22,18,24,27,
,RT,4.5,4.7,4.3,3.3,2.9,3.6,3.0,2.7,2.5,2.6,2.1,2.8,3.2,
,,,,,,,,,,,,,,,
Bristol ,LF,"32,886","33,016","33,088","32,817","33,225","33,308","33,631","33,180","33,127","33,434","33,505","33,433","33,221",
,EMP,"30,913","31,080","31,294","31,315","31,677","31,771","32,072","31,741","31,833","32,166","32,307","32,249","31,702",
,UN,"1,973","1,936","1,794","1,502","1,548","1,537","1,559","1,439","1,294","1,268","1,198","1,184","1,519",
,RT,6.0,5.9,5.4,4.6,4.7,4.6,4.6,4.3,3.9,3.8,3.6,3.5,4.6,
,,,,,,,,,,,,,,,
Brookfield,LF,"9,160","9,121","9,189","9,207","9,335","9,439","9,610","9,439","9,343","9,357","9,426","9,414","9,336",
,EMP,"8,792","8,776","8,857","8,880","8,982","9,059","9,225","9,094","9,021","9,060","9,166","9,164","9,006",
,UN,368,345,332,327,353,380,385,345,322,297,260,250,330,
,RT,4.0,3.8,3.6,3.6,3.8,4.0,4.0,3.7,3.4,3.2,2.8,2.7,3.5,
,,,,,,,,,,,,,,,
Brooklyn,LF,"4,059","4,071","4,108","4,080","4,127","4,147","4,216","4,153","4,093","4,125","4,117","4,132","4,119",
,EMP,"3,846","3,872","3,908","3,908","3,950","3,981","4,036","3,992","3,956","3,987","3,996","3,999","3,953",
,UN,213,199,200,172,177,166,180,161,137,138,121,133,166,
,RT,5.2,4.9,4.9,4.2,4.3,4.0,4.3,3.9,3.3,3.3,2.9,3.2,4.0,
,,,,,,,,,,,,,,,
Burlington ,LF,"5,629","5,660","5,667","5,617","5,685","5,696","5,764","5,677","5,693","5,754","5,760","5,756","5,696",
,EMP,"5,377","5,406","5,443","5,447","5,510","5,526","5,579","5,521","5,537","5,595","5,620","5,609","5,514",
,UN,252,254,224,170,175,170,185,156,156,159,140,147,182,
,RT,4.5,4.5,4.0,3.0,3.1,3.0,3.2,2.7,2.7,2.8,2.4,2.6,3.2,
,,,,,,,,,,,,,,,
Canaan,LF,636,626,629,636,645,671,692,676,659,649,647,653,651,
,EM,607,601,603,614,628,651,673,660,644,633,634,638,632,
,UN,29,25,26,22,17,20,19,16,15,16,13,15,19,
,RT,4.6,4.0,4.1,3.5,2.6,3.0,2.7,2.4,2.3,2.5,2.0,2.3,2.9,
,,,,,,,,,,,,,,,
Canterbury,LF,"2,870","2,882","2,892","2,888","2,941","2,963","2,994","2,947","2,893","2,895","2,896","2,889","2,912",
,EMP,"2,710","2,720","2,742","2,752","2,798","2,840","2,894","2,859","2,813","2,815","2,819","2,803","2,797",
,UN,160,162,150,136,143,123,100,88,80,80,77,86,115,
,RT,5.6,5.6,5.2,4.7,4.9,4.2,3.3,3.0,2.8,2.8,2.7,3.0,3.9,
,,,,,,,,,,,,,,,
Canton,LF,"5,665","5,687","5,722","5,688","5,745","5,777","5,813","5,748","5,755","5,798","5,797","5,807","5,750",
,EMP,"5,429","5,459","5,496","5,500","5,564","5,580","5,633","5,575","5,591","5,650","5,674","5,664","5,568",
,UN,236,228,226,188,181,197,180,173,164,148,123,143,182,
,RT,4.2,4.0,3.9,3.3,3.2,3.4,3.1,3.0,2.8,2.6,2.1,2.5,3.2,
,,,,,,,,,,,,,,,
Chaplin ,LF,"1,244","1,243","1,267","1,252","1,277","1,269","1,268","1,250","1,257","1,261","1,262","1,258","1,259",
,EMP,"1,171","1,178","1,186","1,186","1,200","1,204","1,215","1,203","1,206","1,219","1,224","1,222","1,201",
,UN,73,65,81,66,77,65,53,47,51,42,38,36,58,
,RT,5.9,5.2,6.4,5.3,6.0,5.1,4.2,3.8,4.1,3.3,3.0,2.9,4.6,
,,,,,,,,,,,,,,,
Cheshire,LF,"15,455","15,580","15,556","15,648","15,767","15,874","15,924","15,679","15,774","16,001","16,014","15,920","15,766",
,EMP,"14,857","15,031","15,065","15,195","15,324","15,365","15,424","15,221","15,359","15,579","15,608","15,539","15,297",
,UN,598,549,491,453,443,509,500,458,415,422,406,381,469,
,RT,3.9,3.5,3.2,2.9,2.8,3.2,3.1,2.9,2.6,2.6,2.5,2.4,3.0,
,,,,,,,,,,,,,,,
Chester ,LF,"2,314","2,331","2,333","2,334","2,344","2,367","2,381","2,340","2,352","2,376","2,387","2,384","2,354",
,EMP,"2,220","2,240","2,246","2,267","2,285","2,294","2,311","2,283","2,298","2,320","2,332","2,323","2,285",
,UN,94,91,87,67,59,73,70,57,54,56,55,61,69,
,RT,4.1,3.9,3.7,2.9,2.5,3.1,2.9,2.4,2.3,2.4,2.3,2.6,2.9,
,,,,,,,,,,,,,,,
Clinton ,LF,"7,129","7,201","7,220","7,222","7,283","7,325","7,369","7,272","7,280","7,360","7,389","7,373","7,286",
,EMP,"6,838","6,900","6,919","6,983","7,040","7,067","7,120","7,032","7,080","7,147","7,183","7,156","7,039",
,UN,291,301,301,239,243,258,249,240,200,213,206,217,247,
,RT,4.1,4.2,4.2,3.3,3.3,3.5,3.4,3.3,2.7,2.9,2.8,2.9,3.4,
,,,,,,,,,,,,,,,
Colchester,LF,"9,379","9,399","9,405","9,348","9,456","9,505","9,582","9,472","9,504","9,593","9,603","9,579","9,486",
,EMP,"8,938","8,986","9,048","9,054","9,159","9,186","9,273","9,177","9,204","9,300","9,341","9,324","9,166",
,UN,441,413,357,294,297,319,309,295,300,293,262,255,320,
,RT,4.7,4.4,3.8,3.1,3.1,3.4,3.2,3.1,3.2,3.1,2.7,2.7,3.4,
,,,,,,,,,,,,,,,
Colebrook ,LF,829,826,828,824,830,841,841,831,830,829,834,838,832,
,EM,772,772,777,781,793,803,804,796,796,801,806,803,792,
,UN,57,54,51,43,37,38,37,35,34,28,28,35,40,
,RT,6.9,6.5,6.2,5.2,4.5,4.5,4.4,4.2,4.1,3.4,3.4,4.2,4.8,
,,,,,,,,,,,,,,,
Columbia,LF,"3,223","3,232","3,243","3,203","3,245","3,266","3,303","3,259","3,256","3,301","3,302","3,317","3,263",
,EMP,"3,073","3,089","3,110","3,113","3,148","3,158","3,188","3,155","3,164","3,197","3,211","3,205","3,151",
,UN,150,143,133,90,97,108,115,104,92,104,91,112,112,
,RT,4.7,4.4,4.1,2.8,3.0,3.3,3.5,3.2,2.8,3.2,2.8,3.4,3.4,
,,,,,,,,,,,,,,,
Cornwall,LF,768,755,754,762,775,805,829,809,786,773,771,782,780,
,EM,728,721,723,736,754,781,808,791,772,760,761,766,758,
,UN,40,34,31,26,21,24,21,18,14,13,10,16,22,
,RT,5.2,4.5,4.1,3.4,2.7,3.0,2.5,2.2,1.8,1.7,1.3,2.0,2.8,
,,,,,,,,,,,,,,,
Coventry ,LF,"7,821","7,810","7,838","7,756","7,878","7,911","7,993","7,891","7,861","7,931","7,944","7,935","7,881",
,EMP,"7,425","7,465","7,517","7,522","7,609","7,631","7,704","7,624","7,646","7,727","7,760","7,746","7,615",
,UN,396,345,321,234,269,280,289,267,215,204,184,189,266,
,RT,5.1,4.4,4.1,3.0,3.4,3.5,3.6,3.4,2.7,2.6,2.3,2.4,3.4,
,,,,,,,,,,,,,,,
Cromwell,LF,"7,895","7,918","7,939","7,896","8,003","8,053","8,098","7,979","8,024","8,098","8,109","8,111","8,011",
,EMP,"7,534","7,575","7,627","7,632","7,721","7,743","7,817","7,736","7,759","7,840","7,874","7,860","7,727",
,UN,361,343,312,264,282,310,281,243,265,258,235,251,284,
,RT,4.6,4.3,3.9,3.3,3.5,3.8,3.5,3.0,3.3,3.2,2.9,3.1,3.5,
,,,,,,,,,,,,,,,
Danbury ,LF,"46,686","46,557","46,805","46,605","47,066","47,651","48,427","47,612","47,048","47,128","47,539","47,639","47,230",
,EMP,"44,535","44,455","44,863","44,981","45,496","45,891","46,732","46,064","45,698","45,891","46,430","46,419","45,621",
,UN,"2,151","2,102","1,942","1,624","1,570","1,760","1,695","1,548","1,350","1,237","1,109","1,220","1,609",
,RT,4.6,4.5,4.1,3.5,3.3,3.7,3.5,3.3,2.9,2.6,2.3,2.6,3.4,
,,,,,,,,,,,,,,,
Darien ,LF,"8,484","8,493","8,542","8,563","8,709","8,818","8,889","8,723","8,704","8,695","8,780","8,742","8,679",
,EMP,"8,154","8,182","8,248","8,272","8,374","8,455","8,576","8,458","8,401","8,432","8,538","8,500","8,383",
,UN,330,311,294,291,335,363,313,265,303,263,242,242,296,
,RT,3.9,3.7,3.4,3.4,3.8,4.1,3.5,3.0,3.5,3.0,2.8,2.8,3.4,
,,,,,,,,,,,,,,,
Deep River ,LF,"2,852","2,874","2,858","2,863","2,877","2,890","2,904","2,864","2,880","2,893","2,905","2,899","2,880",
,EMP,"2,706","2,731","2,739","2,764","2,786","2,797","2,818","2,783","2,802","2,828","2,843","2,832","2,786",
,UN,146,143,119,99,91,93,86,81,78,65,62,67,94,
,RT,5.1,5.0,4.2,3.5,3.2,3.2,3.0,2.8,2.7,2.2,2.1,2.3,3.3,
,,,,,,,,,,,,,,,
Derby ,LF,"6,659","6,632","6,682","6,639","6,718","6,822","6,918","6,805","6,739","6,768","6,846","6,796","6,752",
,EMP,"6,228","6,249","6,300","6,318","6,396","6,458","6,550","6,460","6,416","6,440","6,521","6,492","6,402",
,UN,431,383,382,321,322,364,368,345,323,328,325,304,350,
,RT,6.5,5.8,5.7,4.8,4.8,5.3,5.3,5.1,4.8,4.8,4.7,4.5,5.2,
,,,,,,,,,,,,,,,
Durham,LF,"4,233","4,265","4,259","4,282","4,314","4,343","4,363","4,293","4,328","4,359","4,371","4,357","4,314",
,EMP,"4,065","4,101","4,113","4,151","4,185","4,201","4,232","4,180","4,209","4,248","4,270","4,254","4,184",
,UN,168,164,146,131,129,142,131,113,119,111,101,103,130,
,RT,4.0,3.8,3.4,3.1,3.0,3.3,3.0,2.6,2.7,2.5,2.3,2.4,3.0,
,,,,,,,,,,,,,,,
East Granby ,LF,"3,058","3,087","3,105","3,075","3,095","3,111","3,147","3,099","3,109","3,126","3,134","3,142","3,107",
,EMP,"2,927","2,942","2,963","2,965","2,999","3,008","3,036","3,005","3,014","3,045","3,059","3,053","3,001",
,UN,131,145,142,110,96,103,111,94,95,81,75,89,106,
,RT,4.3,4.7,4.6,3.6,3.1,3.3,3.5,3.0,3.1,2.6,2.4,2.8,3.4,
,,,,,,,,,,,,,,,
East Haddam ,LF,"4,996","5,001","5,006","4,988","5,028","5,067","5,089","5,034","5,041","5,082","5,088","5,081","5,042",
,EMP,"4,743","4,768","4,801","4,804","4,860","4,874","4,920","4,870","4,884","4,935","4,956","4,948","4,864",
,UN,253,233,205,184,168,193,169,164,157,147,132,133,178,
,RT,5.1,4.7,4.1,3.7,3.3,3.8,3.3,3.3,3.1,2.9,2.6,2.6,3.5,
,,,,,,,,,,,,,,,
East Hampton,LF,"7,671","7,683","7,729","7,688","7,777","7,801","7,885","7,785","7,791","7,882","7,874","7,883","7,787",
,EMP,"7,339","7,379","7,429","7,435","7,520","7,543","7,614","7,536","7,557","7,637","7,670","7,656","7,526",
,UN,332,304,300,253,257,258,271,249,234,245,204,227,261,
,RT,4.3,4.0,3.9,3.3,3.3,3.3,3.4,3.2,3.0,3.1,2.6,2.9,3.4,
,,,,,,,,,,,,,,,
East Hartford ,LF,"26,959","27,061","27,173","27,344","27,342","27,456","27,996","27,649","27,394","27,524","27,495","27,401","27,400",
,EMP,"25,316","25,453","25,628","25,645","25,941","26,018","26,265","25,994","26,069","26,342","26,458","26,410","25,962",
,UN,"1,643","1,608","1,545","1,699","1,401","1,438","1,731","1,655","1,325","1,182","1,037",991,"1,438",
,RT,6.1,5.9,5.7,6.2,5.1,5.2,6.2,6.0,4.8,4.3,3.8,3.6,5.2,
,,,,,,,,,,,,,,,
East Haven ,LF,"15,580","15,715","15,676","15,667","15,822","15,931","16,007","15,765","15,825","15,960","15,944","15,862","15,813",
,EMP,"14,679","14,851","14,884","15,013","15,140","15,181","15,240","15,038","15,175","15,393","15,421","15,353","15,114",
,UN,901,864,792,654,682,750,767,727,650,567,523,509,699,
,RT,5.8,5.5,5.1,4.2,4.3,4.7,4.8,4.6,4.1,3.6,3.3,3.2,4.4,
,,,,,,,,,,,,,,,
East Lyme ,LF,"8,512","8,526","8,563","8,559","8,722","8,851","9,026","8,873","8,691","8,700","8,709","8,666","8,700",
,EMP,"8,105","8,133","8,201","8,230","8,366","8,493","8,655","8,550","8,412","8,416","8,430","8,381","8,364",
,UN,407,393,362,329,356,358,371,323,279,284,279,285,336,
,RT,4.8,4.6,4.2,3.8,4.1,4.0,4.1,3.6,3.2,3.3,3.2,3.3,3.9,
,,,,,,,,,,,,,,,
East Windsor ,LF,"6,441","6,525","6,541","6,559","6,573","6,629","6,694","6,617","6,600","6,683","6,668","6,697","6,603",
,EMP,"6,081","6,159","6,210","6,265","6,295","6,323","6,382","6,335","6,354","6,455","6,457","6,458","6,315",
,UN,360,366,331,294,278,306,312,282,246,228,211,239,288,
,RT,5.6,5.6,5.1,4.5,4.2,4.6,4.7,4.3,3.7,3.4,3.2,3.6,4.4,
,,,,,,,,,,,,,,,
Eastford ,LF,950,943,948,943,958,988,"1,024","1,006",979,974,965,998,973,
,EMP,906,898,905,906,924,948,991,973,939,937,934,961,935,
,UN,44,45,43,37,34,40,33,33,40,37,31,37,38,
,RT,4.6,4.8,4.5,3.9,3.5,4.0,3.2,3.3,4.1,3.8,3.2,3.7,3.9,
,,,,,,,,,,,,,,,
Easton  ,LF,"3,780","3,795","3,819","3,817","3,876","3,909","3,938","3,883","3,856","3,862","3,895","3,891","3,860",
,EMP,"3,629","3,641","3,670","3,681","3,726","3,763","3,817","3,764","3,738","3,752","3,799","3,782","3,730",
,UN,151,154,149,136,150,146,121,119,118,110,96,109,130,
,RT,4.0,4.1,3.9,3.6,3.9,3.7,3.1,3.1,3.1,2.8,2.5,2.8,3.4,
,,,,,,,,,,,,,,,
Ellington ,LF,"9,432","9,454","9,479","9,425","9,517","9,560","9,595","9,455","9,492","9,576","9,581","9,593","9,514",
,EMP,"8,947","8,996","9,058","9,064","9,168","9,196","9,283","9,187","9,214","9,310","9,351","9,334","9,176",
,UN,485,458,421,361,349,364,312,268,278,266,230,259,338,
,RT,5.1,4.8,4.4,3.8,3.7,3.8,3.3,2.8,2.9,2.8,2.4,2.7,3.6,
,,,,,,,,,,,,,,,
Enfield ,LF,"22,804","23,054","23,150","23,316","23,370","23,514","23,736","23,490","23,422","23,733","23,663","23,698","23,412",
,EMP,"21,655","21,932","22,115","22,308","22,417","22,518","22,727","22,560","22,628","22,985","22,993","22,997","22,486",
,UN,"1,149","1,122","1,035","1,008",953,996,"1,009",930,794,748,670,701,926,
,RT,5.0,4.9,4.5,4.3,4.1,4.2,4.3,4.0,3.4,3.2,2.8,3.0,4.0,
,,,,,,,,,,,,,,,
Essex ,LF,"3,326","3,343","3,335","3,347","3,376","3,409","3,406","3,352","3,369","3,395","3,400","3,397","3,372",
,EMP,"3,172","3,200","3,209","3,239","3,265","3,278","3,302","3,261","3,284","3,315","3,332","3,319","3,265",
,UN,154,143,126,108,111,131,104,91,85,80,68,78,107,
,RT,4.6,4.3,3.8,3.2,3.3,3.8,3.1,2.7,2.5,2.4,2.0,2.3,3.2,
,,,,,,,,,,,,,,,
Fairfield ,LF,"28,890","28,929","29,034","29,098","29,502","29,900","30,246","29,702","29,460","29,495","29,742","29,620","29,468",
,EMP,"27,626","27,719","27,945","28,026","28,369","28,646","29,057","28,656","28,462","28,568","28,926","28,797","28,400",
,UN,"1,264","1,210","1,089","1,072","1,133","1,254","1,189","1,046",998,927,816,823,"1,068",
,RT,4.4,4.2,3.8,3.7,3.8,4.2,3.9,3.5,3.4,3.1,2.7,2.8,3.6,
,,,,,,,,,,,,,,,
Farmington ,LF,"14,077","14,112","14,167","14,132","14,298","14,408","14,519","14,301","14,335","14,461","14,475","14,456","14,312",
,EMP,"13,514","13,587","13,680","13,690","13,848","13,889","14,021","13,876","13,916","14,062","14,123","14,098","13,859",
,UN,563,525,487,442,450,519,498,425,419,399,352,358,453,
,RT,4.0,3.7,3.4,3.1,3.1,3.6,3.4,3.0,2.9,2.8,2.4,2.5,3.2,
,,,,,,,,,,,,,,,
Franklin ,LF,"1,048","1,051","1,057","1,059","1,079","1,090","1,116","1,101","1,078","1,079","1,076","1,073","1,076",
,EMP,"1,006","1,010","1,018","1,022","1,039","1,055","1,075","1,062","1,045","1,045","1,047","1,041","1,039",
,UN,42,41,39,37,40,35,41,39,33,34,29,32,37,
,RT,4.0,3.9,3.7,3.5,3.7,3.2,3.7,3.5,3.1,3.2,2.7,3.0,3.4,
,,,,,,,,,,,,,,,
Glastonbury,LF,"18,762","18,815","18,882","18,853","19,121","19,255","19,377","19,121","19,212","19,375","19,373","19,349","19,124",
,EMP,"18,123","18,221","18,346","18,359","18,571","18,626","18,802","18,608","18,662","18,858","18,940","18,906","18,585",
,UN,639,594,536,494,550,629,575,513,550,517,433,443,539,
,RT,3.4,3.2,2.8,2.6,2.9,3.3,3.0,2.7,2.9,2.7,2.2,2.3,2.8,
,,,,,,,,,,,,,,,
Goshen,LF,"1,615","1,602","1,597","1,613","1,652","1,711","1,760","1,721","1,685","1,662","1,646","1,667","1,661",
,EM,"1,547","1,531","1,537","1,565","1,602","1,660","1,717","1,681","1,641","1,615","1,616","1,628","1,612",
,UN,68,71,60,48,50,51,43,40,44,47,30,39,49,
,RT,4.2,4.4,3.8,3.0,3.0,3.0,2.4,2.3,2.6,2.8,1.8,2.3,3.0,
,,,,,,,,,,,,,,,
Granby,LF,"6,750","6,778","6,808","6,798","6,858","6,915","6,986","6,901","6,902","6,955","6,948","6,951","6,880",
,EMP,"6,514","6,550","6,595","6,599","6,675","6,695","6,759","6,689","6,708","6,778","6,808","6,796","6,681",
,UN,236,228,213,199,183,220,227,212,194,177,140,155,199,
,RT,3.5,3.4,3.1,2.9,2.7,3.2,3.2,3.1,2.8,2.5,2.0,2.2,2.9,
,,,,,,,,,,,,,,,
Greenwich,LF,"28,293","28,339","28,493","28,460","28,908","29,293","29,558","29,035","28,874","28,961","29,225","29,115","28,879",
,EMP,"27,227","27,318","27,541","27,621","27,959","28,232","28,636","28,242","28,050","28,155","28,507","28,381","27,989",
,UN,"1,066","1,021",952,839,949,"1,061",922,793,824,806,718,734,890,
,RT,3.8,3.6,3.3,2.9,3.3,3.6,3.1,2.7,2.9,2.8,2.5,2.5,3.1,
,,,,,,,,,,,,,,,
Griswold ,LF,"6,248","6,240","6,274","6,243","6,333","6,429","6,555","6,450","6,312","6,299","6,292","6,282","6,330",
,EMP,"5,856","5,876","5,925","5,947","6,045","6,137","6,254","6,178","6,078","6,081","6,091","6,055","6,044",
,UN,392,364,349,296,288,292,301,272,234,218,201,227,286,
,RT,6.3,5.8,5.6,4.7,4.5,4.5,4.6,4.2,3.7,3.5,3.2,3.6,4.5,
,,,,,,,,,,,,,,,
Groton ,LF,"18,066","18,095","18,182","18,192","18,505","18,847","19,167","18,871","18,512","18,471","18,434","18,348","18,474",
,EMP,"17,278","17,338","17,483","17,546","17,836","18,107","18,452","18,228","17,934","17,943","17,971","17,867","17,832",
,UN,788,757,699,646,669,740,715,643,578,528,463,481,642,
,RT,4.4,4.2,3.8,3.6,3.6,3.9,3.7,3.4,3.1,2.9,2.5,2.6,3.5,
,,,,,,,,,,,,,,,
Guilford ,LF,"12,656","12,783","12,785","12,865","12,971","13,062","13,105","12,913","12,989","13,165","13,163","13,097","12,963",
,EMP,"12,231","12,373","12,401","12,508","12,614","12,648","12,697","12,530","12,644","12,825","12,849","12,792","12,593",
,UN,425,410,384,357,357,414,408,383,345,340,314,305,370,
,RT,3.4,3.2,3.0,2.8,2.8,3.2,3.1,3.0,2.7,2.6,2.4,2.3,2.9,
,,,,,,,,,,,,,,,
Haddam ,LF,"5,049","5,060","5,078","5,048","5,094","5,124","5,159","5,103","5,105","5,151","5,163","5,150","5,107",
,EMP,"4,826","4,852","4,885","4,889","4,945","4,960","5,007","4,955","4,969","5,022","5,043","5,034","4,949",
,UN,223,208,193,159,149,164,152,148,136,129,120,116,158,
,RT,4.4,4.1,3.8,3.1,2.9,3.2,2.9,2.9,2.7,2.5,2.3,2.3,3.1,
,,,,,,,,,,,,,,,
Hamden,LF,"34,773","35,059","35,085","35,196","35,656","35,873","36,018","35,391","35,533","35,948","35,866","35,670","35,506",
,EMP,"33,175","33,562","33,638","33,928","34,216","34,308","34,441","33,986","34,296","34,787","34,851","34,697","34,157",
,UN,"1,598","1,497","1,447","1,268","1,440","1,565","1,577","1,405","1,237","1,161","1,015",973,"1,349",
,RT,4.6,4.3,4.1,3.6,4.0,4.4,4.4,4.0,3.5,3.2,2.8,2.7,3.8,
,,,,,,,,,,,,,,,
Hampton,LF,"1,021","1,006","1,008","1,010","1,032","1,058","1,104","1,083","1,036","1,037","1,027","1,050","1,039",
,EMP,968,959,966,967,987,"1,013","1,058","1,039","1,004","1,002",998,"1,026",999,
,UN,53,47,42,43,45,45,46,44,32,35,29,24,40,
,RT,5.2,4.7,4.2,4.3,4.4,4.3,4.2,4.1,3.1,3.4,2.8,2.3,3.8,
,,,,,,,,,,,,,,,
Hartford ,LF,"52,895","53,015","53,122","53,033","53,122","53,434","54,232","53,785","53,133","53,490","53,543","53,439","53,353",
,EMP,"48,385","48,646","48,981","49,015","49,580","49,727","50,199","49,681","49,825","50,347","50,567","50,477","49,619",
,UN,"4,510","4,369","4,141","4,018","3,542","3,707","4,033","4,104","3,308","3,143","2,976","2,962","3,734",
,RT,8.5,8.2,7.8,7.6,6.7,6.9,7.4,7.6,6.2,5.9,5.6,5.5,7.0,
,,,,,,,,,,,,,,,
Hartland ,LF,"1,152","1,157","1,154","1,150","1,148","1,153","1,158","1,147","1,149","1,154","1,156","1,171","1,154",
,EMP,"1,086","1,092","1,099","1,100","1,113","1,116","1,127","1,115","1,118","1,130","1,135","1,133","1,114",
,UN,66,65,55,50,35,37,31,32,31,24,21,38,40,
,RT,5.7,5.6,4.8,4.3,3.0,3.2,2.7,2.8,2.7,2.1,1.8,3.2,3.5,
,,,,,,,,,,,,,,,
Harwinton ,LF,"3,197","3,212","3,217","3,209","3,236","3,262","3,306","3,254","3,242","3,258","3,256","3,266","3,243",
,EMP,"3,048","3,056","3,078","3,082","3,118","3,133","3,177","3,144","3,145","3,163","3,184","3,184","3,126",
,UN,149,156,139,127,118,129,129,110,97,95,72,82,117,
,RT,4.7,4.9,4.3,4.0,3.6,4.0,3.9,3.4,3.0,2.9,2.2,2.5,3.6,
,,,,,,,,,,,,,,,
Hebron ,LF,"5,497","5,533","5,541","5,498","5,561","5,596","5,623","5,560","5,567","5,611","5,607","5,611","5,567",
,EMP,"5,260","5,288","5,325","5,328","5,390","5,406","5,457","5,401","5,416","5,473","5,497","5,487","5,394",
,UN,237,245,216,170,171,190,166,159,151,138,110,124,173,
,RT,4.3,4.4,3.9,3.1,3.1,3.4,3.0,2.9,2.7,2.5,2.0,2.2,3.1,
,,,,,,,,,,,,,,,
Kent ,LF,"1,497","1,471","1,471","1,463","1,495","1,560","1,609","1,574","1,534","1,508","1,509","1,520","1,517",
,EM,"1,414","1,400","1,405","1,430","1,464","1,518","1,569","1,537","1,500","1,476","1,477","1,488","1,473",
,UN,83,71,66,33,31,42,40,37,34,32,32,32,44,
,RT,5.5,4.8,4.5,2.3,2.1,2.7,2.5,2.4,2.2,2.1,2.1,2.1,2.9,
,,,,,,,,,,,,,,,
Killingly ,LF,"9,486","9,533","9,599","9,531","9,605","9,717","9,824","9,683","9,574","9,667","9,631","9,621","9,622",
,EMP,"8,930","8,990","9,072","9,072","9,171","9,242","9,369","9,267","9,184","9,257","9,277","9,283","9,176",
,UN,556,543,527,459,434,475,455,416,390,410,354,338,446,
,RT,5.9,5.7,5.5,4.8,4.5,4.9,4.6,4.3,4.1,4.2,3.7,3.5,4.6,
,,,,,,,,,,,,,,,
Killingworth,LF,"3,747","3,766","3,770","3,783","3,823","3,846","3,872","3,814","3,829","3,856","3,862","3,859","3,819",
,EMP,"3,611","3,643","3,654","3,687","3,717","3,732","3,760","3,713","3,739","3,774","3,793","3,779","3,717",
,UN,136,123,116,96,106,114,112,101,90,82,69,80,102,
,RT,3.6,3.3,3.1,2.5,2.8,3.0,2.9,2.6,2.4,2.1,1.8,2.1,2.7,
,,,,,,,,,,,,,,,
Lebanon,LF,"4,071","4,079","4,079","4,041","4,080","4,096","4,141","4,089","4,075","4,122","4,134","4,136","4,096",
,EMP,"3,841","3,861","3,888","3,891","3,936","3,947","3,985","3,944","3,955","3,996","4,014","4,007","3,939",
,UN,230,218,191,150,144,149,156,145,120,126,120,129,157,
,RT,5.6,5.3,4.7,3.7,3.5,3.6,3.8,3.5,2.9,3.1,2.9,3.1,3.8,
,,,,,,,,,,,,,,,
Ledyard ,LF,"7,853","7,866","7,892","7,890","8,029","8,165","8,293","8,170","8,033","8,050","8,028","7,971","8,020",
,EMP,"7,511","7,537","7,600","7,627","7,753","7,871","8,021","7,924","7,796","7,800","7,812","7,767","7,752",
,UN,342,329,292,263,276,294,272,246,237,250,216,204,268,
,RT,4.4,4.2,3.7,3.3,3.4,3.6,3.3,3.0,3.0,3.1,2.7,2.6,3.3,
,,,,,,,,,,,,,,,
Lisbon ,LF,"2,323","2,334","2,339","2,313","2,355","2,394","2,440","2,414","2,367","2,349","2,347","2,348","2,360",
,EMP,"2,195","2,203","2,221","2,229","2,266","2,300","2,344","2,315","2,278","2,279","2,283","2,270","2,265",
,UN,128,131,118,84,89,94,96,99,89,70,64,78,95,
,RT,5.5,5.6,5.0,3.6,3.8,3.9,3.9,4.1,3.8,3.0,2.7,3.3,4.0,
,,,,,,,,,,,,,,,
Litchfield,LF,"4,724","4,652","4,657","4,710","4,813","4,996","5,157","5,052","4,911","4,825","4,833","4,880","4,851",
,EM,"4,510","4,466","4,482","4,563","4,672","4,842","5,007","4,903","4,785","4,709","4,713","4,747","4,700",
,UN,214,186,175,147,141,154,150,149,126,116,120,133,151,
,RT,4.5,4.0,3.8,3.1,2.9,3.1,2.9,2.9,2.6,2.4,2.5,2.7,3.1,
,,,,,,,,,,,,,,,
Lyme ,LF,"1,204","1,209","1,208","1,204","1,221","1,249","1,267","1,236","1,226","1,227","1,222","1,220","1,225",
,EMP,"1,149","1,153","1,163","1,167","1,186","1,204","1,227","1,212","1,193","1,194","1,195","1,188","1,186",
,UN,55,56,45,37,35,45,40,24,33,33,27,32,39,
,RT,4.6,4.6,3.7,3.1,2.9,3.6,3.2,1.9,2.7,2.7,2.2,2.6,3.2,
,,,,,,,,,,,,,,,
Madison ,LF,"8,922","9,006","8,989","9,048","9,144","9,213","9,217","9,075","9,164","9,274","9,257","9,219","9,127",
,EMP,"8,595","8,696","8,715","8,791","8,865","8,889","8,924","8,806","8,886","9,013","9,030","8,990","8,850",
,UN,327,310,274,257,279,324,293,269,278,261,227,229,277,
,RT,3.7,3.4,3.0,2.8,3.1,3.5,3.2,3.0,3.0,2.8,2.5,2.5,3.0,
,,,,,,,,,,,,,,,
Manchester,LF,"32,687","32,825","32,916","32,818","33,159","33,346","33,694","33,254","33,173","33,447","33,492","33,447","33,188",
,EMP,"31,037","31,205","31,420","31,441","31,804","31,898","32,201","31,869","31,961","32,296","32,437","32,379","31,829",
,UN,"1,650","1,620","1,496","1,377","1,355","1,448","1,493","1,385","1,212","1,151","1,055","1,068","1,359",
,RT,5.0,4.9,4.5,4.2,4.1,4.3,4.4,4.2,3.7,3.4,3.2,3.2,4.1,
,,,,,,,,,,,,,,,
Mansfield ,LF,"12,538","12,506","12,576","12,479","12,741","12,903","12,913","12,747","12,784","12,809","12,858","12,791","12,720",
,EMP,"11,934","11,998","12,081","12,089","12,228","12,265","12,381","12,253","12,289","12,417","12,472","12,449","12,238",
,UN,604,508,495,390,513,638,532,494,495,392,386,342,482,
,RT,4.8,4.1,3.9,3.1,4.0,4.9,4.1,3.9,3.9,3.1,3.0,2.7,3.8,
,,,,,,,,,,,,,,,
Marlborough ,LF,"3,561","3,580","3,605","3,587","3,621","3,644","3,669","3,623","3,625","3,671","3,677","3,669","3,628",
,EMP,"3,423","3,442","3,465","3,468","3,508","3,518","3,552","3,515","3,525","3,562","3,578","3,571","3,511",
,UN,138,138,140,119,113,126,117,108,100,109,99,98,117,
,RT,3.9,3.9,3.9,3.3,3.1,3.5,3.2,3.0,2.8,3.0,2.7,2.7,3.2,
,,,,,,,,,,,,,,,
Meriden ,LF,"31,620","31,986","31,916","31,991","32,188","32,338","32,459","31,982","32,059","32,465","32,379","32,225","32,135",
,EMP,"29,719","30,066","30,133","30,393","30,651","30,734","30,853","30,445","30,723","31,163","31,220","31,082","30,599",
,UN,"1,901","1,920","1,783","1,598","1,537","1,604","1,606","1,537","1,336","1,302","1,159","1,143","1,536",
,RT,6.0,6.0,5.6,5.0,4.8,5.0,4.9,4.8,4.2,4.0,3.6,3.5,4.8,
,,,,,,,,,,,,,,,
Middlebury,LF,"3,909","3,899","3,927","3,914","3,966","4,009","4,041","3,963","3,977","3,998","4,004","4,013","3,968",
,EMP,"3,730","3,745","3,781","3,784","3,837","3,858","3,889","3,827","3,853","3,884","3,905","3,905","3,833",
,UN,179,154,146,130,129,151,152,136,124,114,99,108,135,
,RT,4.6,3.9,3.7,3.3,3.3,3.8,3.8,3.4,3.1,2.9,2.5,2.7,3.4,
,,,,,,,,,,,,,,,
Middlefield ,LF,"2,485","2,500","2,488","2,492","2,500","2,533","2,546","2,520","2,520","2,539","2,557","2,559","2,520",
,EMP,"2,369","2,390","2,397","2,419","2,439","2,448","2,467","2,436","2,453","2,476","2,488","2,479","2,438",
,UN,116,110,91,73,61,85,79,84,67,63,69,80,82,
,RT,4.7,4.4,3.7,2.9,2.4,3.4,3.1,3.3,2.7,2.5,2.7,3.1,3.3,
,,,,,,,,,,,,,,,
Middletown ,LF,"25,945","25,929","26,084","25,887","26,248","26,485","26,646","26,346","26,279","26,446","26,463","26,421","26,265",
,EMP,"24,591","24,724","24,894","24,911","25,198","25,273","25,513","25,250","25,323","25,588","25,700","25,654","25,218",
,UN,"1,354","1,205","1,190",976,"1,050","1,212","1,133","1,096",956,858,763,767,"1,047",
,RT,5.2,4.6,4.6,3.8,4.0,4.6,4.3,4.2,3.6,3.2,2.9,2.9,4.0,
,,,,,,,,,,,,,,,
Milford,LF,"29,795","29,905","30,057","30,031","30,511","30,869","31,251","30,722","30,486","30,525","30,757","30,595","30,459",
,EMP,"28,515","28,611","28,844","28,928","29,282","29,567","29,992","29,579","29,378","29,487","29,856","29,724","29,314",
,UN,"1,280","1,294","1,213","1,103","1,229","1,302","1,259","1,143","1,108","1,038",901,871,"1,145",
,RT,4.3,4.3,4.0,3.7,4.0,4.2,4.0,3.7,3.6,3.4,2.9,2.8,3.8,
,,,,,,,,,,,,,,,
Monroe ,LF,"9,928","9,937","9,971","9,982","10,067","10,211","10,368","10,220","10,105","10,129","10,217","10,177","10,109",
,EMP,"9,471","9,503","9,580","9,608","9,726","9,821","9,961","9,824","9,758","9,794","9,917","9,872","9,736",
,UN,457,434,391,374,341,390,407,396,347,335,300,305,373,
,RT,4.6,4.4,3.9,3.7,3.4,3.8,3.9,3.9,3.4,3.3,2.9,3.0,3.7,
,,,,,,,,,,,,,,,
Montville ,LF,"9,225","9,242","9,259","9,244","9,397","9,549","9,707","9,566","9,395","9,387","9,404","9,336","9,392",
,EMP,"8,724","8,754","8,827","8,859","9,005","9,142","9,316","9,203","9,055","9,059","9,074","9,021","9,003",
,UN,501,488,432,385,392,407,391,363,340,328,330,315,389,
,RT,5.4,5.3,4.7,4.2,4.2,4.3,4.0,3.8,3.6,3.5,3.5,3.4,4.1,
,,,,,,,,,,,,,,,
Morris,LF,"1,406","1,398","1,412","1,418","1,448","1,495","1,528","1,489","1,452","1,427","1,426","1,443","1,445",
,EM,"1,339","1,326","1,331","1,354","1,387","1,437","1,486","1,455","1,420","1,398","1,399","1,409","1,395",
,UN,67,72,81,64,61,58,42,34,32,29,27,34,50,
,RT,4.8,5.2,5.7,4.5,4.2,3.9,2.7,2.3,2.2,2.0,1.9,2.4,3.5,
,,,,,,,,,,,,,,,
Naugatuck ,LF,"17,201","17,266","17,356","17,222","17,448","17,570","17,761","17,469","17,418","17,548","17,553","17,542","17,447",
,EMP,"16,186","16,249","16,404","16,418","16,650","16,738","16,874","16,606","16,717","16,851","16,944","16,943","16,632",
,UN,"1,015","1,017",952,804,798,832,887,863,701,697,609,599,815,
,RT,5.9,5.9,5.5,4.7,4.6,4.7,5.0,4.9,4.0,4.0,3.5,3.4,4.7,
,,,,,,,,,,,,,,,
New Britain ,LF,"36,442","36,569","36,590","36,535","36,681","36,874","37,409","36,879","36,714","36,968","37,084","37,038","36,815",
,EMP,"33,892","34,075","34,310","34,333","34,729","34,832","35,163","34,800","34,900","35,266","35,420","35,357","34,756",
,UN,"2,550","2,494","2,280","2,202","1,952","2,042","2,246","2,079","1,814","1,702","1,664","1,681","2,059",
,RT,7.0,6.8,6.2,6.0,5.3,5.5,6.0,5.6,4.9,4.6,4.5,4.5,5.6,
,,,,,,,,,,,,,,,
New Canaan ,LF,"8,200","8,209","8,271","8,275","8,416","8,541","8,600","8,455","8,431","8,418","8,495","8,448","8,396",
,EMP,"7,910","7,936","8,001","8,024","8,123","8,202","8,319","8,205","8,149","8,179","8,282","8,245","8,131",
,UN,290,273,270,251,293,339,281,250,282,239,213,203,265,
,RT,3.5,3.3,3.3,3.0,3.5,4.0,3.3,3.0,3.3,2.8,2.5,2.4,3.2,
,,,,,,,,,,,,,,,
New Fairfield,LF,"7,010","6,981","7,010","7,013","7,112","7,195","7,345","7,216","7,126","7,140","7,210","7,219","7,131",
,EMP,"6,727","6,715","6,777","6,795","6,872","6,932","7,059","6,958","6,903","6,932","7,014","7,012","6,891",
,UN,283,266,233,218,240,263,286,258,223,208,196,207,240,
,RT,4.0,3.8,3.3,3.1,3.4,3.7,3.9,3.6,3.1,2.9,2.7,2.9,3.4,
,,,,,,,,,,,,,,,
New Hartford,LF,"3,948","3,955","3,973","3,950","3,986","4,020","4,070","4,025","4,024","4,043","4,062","4,066","4,010",
,EMP,"3,778","3,788","3,816","3,821","3,865","3,885","3,939","3,898","3,898","3,921","3,948","3,947","3,875",
,UN,170,167,157,129,121,135,131,127,126,122,114,119,135,
,RT,4.3,4.2,4.0,3.3,3.0,3.4,3.2,3.2,3.1,3.0,2.8,2.9,3.4,
,,,,,,,,,,,,,,,
New Haven,LF,"63,691","64,182","64,139","64,148","64,933","65,281","65,773","64,707","64,768","65,429","65,291","64,928","64,773",
,EMP,"59,723","60,421","60,557","61,079","61,598","61,763","62,003","61,184","61,742","62,626","62,741","62,464","61,492",
,UN,"3,968","3,761","3,582","3,069","3,335","3,518","3,770","3,523","3,026","2,803","2,550","2,464","3,281",
,RT,6.2,5.9,5.6,4.8,5.1,5.4,5.7,5.4,4.7,4.3,3.9,3.8,5.1,
,,,,,,,,,,,,,,,
New London ,LF,"11,912","11,940","11,986","11,900","12,099","12,341","12,539","12,338","12,075","12,069","12,056","11,961","12,101",
,EMP,"11,081","11,120","11,212","11,253","11,439","11,612","11,834","11,690","11,501","11,507","11,525","11,458","11,436",
,UN,831,820,774,647,660,729,705,648,574,562,531,503,665,
,RT,7.0,6.9,6.5,5.4,5.5,5.9,5.6,5.3,4.8,4.7,4.4,4.2,5.5,
,,,,,,,,,,,,,,,
New Milford,LF,"15,020","14,952","15,030","14,937","15,121","15,290","15,566","15,315","15,126","15,189","15,328","15,340","15,184",
,EMP,"14,289","14,263","14,394","14,432","14,597","14,724","14,994","14,780","14,662","14,724","14,897","14,893","14,637",
,UN,731,689,636,505,524,566,572,535,464,465,431,447,547,
,RT,4.9,4.6,4.2,3.4,3.5,3.7,3.7,3.5,3.1,3.1,2.8,2.9,3.6,
,,,,,,,,,,,,,,,
Newington ,LF,"17,144","17,224","17,308","17,253","17,429","17,560","17,684","17,453","17,486","17,614","17,616","17,619","17,449",
,EMP,"16,402","16,490","16,604","16,615","16,807","16,857","17,017","16,841","16,890","17,067","17,141","17,111","16,820",
,UN,742,734,704,638,622,703,667,612,596,547,475,508,629,
,RT,4.3,4.3,4.1,3.7,3.6,4.0,3.8,3.5,3.4,3.1,2.7,2.9,3.6,
,,,,,,,,,,,,,,,
Newtown ,LF,"13,949","13,903","13,967","13,925","14,111","14,279","14,557","14,321","14,169","14,204","14,316","14,317","14,168",
,EMP,"13,352","13,328","13,450","13,486","13,640","13,759","14,011","13,811","13,701","13,759","13,920","13,917","13,678",
,UN,597,575,517,439,471,520,546,510,468,445,396,400,490,
,RT,4.3,4.1,3.7,3.2,3.3,3.6,3.8,3.6,3.3,3.1,2.8,2.8,3.5,
,,,,,,,,,,,,,,,
Norfolk,LF,895,893,893,891,910,945,972,946,921,910,910,926,918,
,EM,849,841,844,859,880,912,943,923,901,887,887,894,885,
,UN,46,52,49,32,30,33,29,23,20,23,23,32,33,
,RT,5.1,5.8,5.5,3.6,3.3,3.5,3.0,2.4,2.2,2.5,2.5,3.5,3.6,
,,,,,,,,,,,,,,,
North Branford ,LF,"8,142","8,208","8,178","8,170","8,232","8,268","8,275","8,158","8,213","8,310","8,306","8,272","8,228",
,EMP,"7,712","7,802","7,819","7,887","7,954","7,975","8,006","7,900","7,972","8,086","8,101","8,065","7,940",
,UN,430,406,359,283,278,293,269,258,241,224,205,207,288,
,RT,5.3,4.9,4.4,3.5,3.4,3.5,3.3,3.2,2.9,2.7,2.5,2.5,3.5,
,,,,,,,,,,,,,,,
North Canaan ,LF,"1,745","1,721","1,718","1,728","1,767","1,833","1,891","1,861","1,812","1,788","1,778","1,801","1,787",
,EMP,"1,654","1,638","1,644","1,673","1,713","1,776","1,836","1,798","1,755","1,727","1,729","1,741","1,724",
,UN,91,83,74,55,54,57,55,63,57,61,49,60,63,
,RT,5.2,4.8,4.3,3.2,3.1,3.1,2.9,3.4,3.1,3.4,2.8,3.3,3.5,
,,,,,,,,,,,,,,,
North Haven ,LF,"13,166","13,280","13,280","13,331","13,462","13,539","13,599","13,391","13,439","13,607","13,574","13,525","13,433",
,EMP,"12,583","12,730","12,759","12,869","12,978","13,013","13,064","12,891","13,009","13,195","13,219","13,161","12,956",
,UN,583,550,521,462,484,526,535,500,430,412,355,364,477,
,RT,4.4,4.1,3.9,3.5,3.6,3.9,3.9,3.7,3.2,3.0,2.6,2.7,3.6,
,,,,,,,,,,,,,,,
North Stonington ,LF,"2,890","2,908","2,934","2,913","2,959","3,009","3,059","3,010","2,950","2,954","2,948","2,934","2,956",
,EMP,"2,765","2,775","2,798","2,808","2,854","2,898","2,953","2,917","2,870","2,872","2,876","2,859","2,854",
,UN,125,133,136,105,105,111,106,93,80,82,72,75,102,
,RT,4.3,4.6,4.6,3.6,3.5,3.7,3.5,3.1,2.7,2.8,2.4,2.6,3.5,
,,,,,,,,,,,,,,,
Norwalk,LF,"50,087","50,202","50,342","50,141","50,687","51,255","51,888","51,099","50,677","50,791","51,300","51,123","50,799",
,EMP,"47,593","47,753","48,142","48,283","48,874","49,350","50,058","49,369","49,033","49,216","49,832","49,610","48,926",
,UN,"2,494","2,449","2,200","1,858","1,813","1,905","1,830","1,730","1,644","1,575","1,468","1,513","1,873",
,RT,5.0,4.9,4.4,3.7,3.6,3.7,3.5,3.4,3.2,3.1,2.9,3.0,3.7,
,,,,,,,,,,,,,,,
Norwich,LF,"19,904","19,941","20,018","19,971","20,354","20,698","21,085","20,769","20,357","20,350","20,312","20,169","20,328",
,EMP,"18,812","18,877","19,035","19,103","19,419","19,714","20,090","19,845","19,526","19,536","19,566","19,452","19,415",
,UN,"1,092","1,064",983,868,935,984,995,924,831,814,746,717,913,
,RT,5.5,5.3,4.9,4.3,4.6,4.8,4.7,4.4,4.1,4.0,3.7,3.6,4.5,
,,,,,,,,,,,,,,,
Old Lyme ,LF,"3,705","3,712","3,731","3,714","3,780","3,852","3,911","3,852","3,783","3,788","3,782","3,767","3,781",
,EMP,"3,532","3,544","3,574","3,587","3,646","3,701","3,772","3,726","3,666","3,668","3,674","3,652","3,645",
,UN,173,168,157,127,134,151,139,126,117,120,108,115,136,
,RT,4.7,4.5,4.2,3.4,3.5,3.9,3.6,3.3,3.1,3.2,2.9,3.1,3.6,
,,,,,,,,,,,,,,,
Old Saybrook ,LF,"4,991","5,039","5,032","5,063","5,122","5,173","5,193","5,098","5,128","5,170","5,158","5,146","5,109",
,EMP,"4,796","4,839","4,852","4,897","4,937","4,956","4,993","4,931","4,965","5,012","5,037","5,019","4,936",
,UN,195,200,180,166,185,217,200,167,163,158,121,127,173,
,RT,3.9,4.0,3.6,3.3,3.6,4.2,3.9,3.3,3.2,3.1,2.3,2.5,3.4,
,,,,,,,,,,,,,,,
Orange ,LF,"7,167","7,267","7,251","7,297","7,378","7,428","7,420","7,292","7,353","7,460","7,442","7,416","7,348",
,EMP,"6,906","6,987","7,002","7,063","7,123","7,142","7,170","7,075","7,139","7,242","7,255","7,223","7,111",
,UN,261,280,249,234,255,286,250,217,214,218,187,193,237,
,RT,3.6,3.9,3.4,3.2,3.5,3.9,3.4,3.0,2.9,2.9,2.5,2.6,3.2,
,,,,,,,,,,,,,,,
Oxford,LF,"7,066","7,076","7,111","7,085","7,173","7,248","7,352","7,221","7,150","7,168","7,246","7,237","7,178",
,EMP,"6,747","6,770","6,825","6,845","6,929","6,996","7,096","6,999","6,951","6,977","7,064","7,033","6,936",
,UN,319,306,286,240,244,252,256,222,199,191,182,204,242,
,RT,4.5,4.3,4.0,3.4,3.4,3.5,3.5,3.1,2.8,2.7,2.5,2.8,3.4,
,,,,,,,,,,,,,,,
Plainfield ,LF,"8,579","8,622","8,646","8,568","8,653","8,711","8,856","8,762","8,618","8,697","8,671","8,687","8,673",
,EMP,"8,041","8,095","8,169","8,169","8,258","8,322","8,437","8,345","8,270","8,336","8,353","8,359","8,263",
,UN,538,527,477,399,395,389,419,417,348,361,318,328,410,
,RT,6.3,6.1,5.5,4.7,4.6,4.5,4.7,4.8,4.0,4.2,3.7,3.8,4.7,
,,,,,,,,,,,,,,,
Plainville ,LF,"10,475","10,525","10,518","10,503","10,551","10,602","10,707","10,549","10,534","10,612","10,619","10,640","10,569",
,EMP,"9,887","9,941","10,009","10,016","10,131","10,161","10,258","10,152","10,181","10,288","10,333","10,315","10,139",
,UN,588,584,509,487,420,441,449,397,353,324,286,325,430,
,RT,5.6,5.5,4.8,4.6,4.0,4.2,4.2,3.8,3.4,3.1,2.7,3.1,4.1,
,,,,,,,,,,,,,,,
Plymouth ,LF,"6,628","6,640","6,641","6,609","6,666","6,688","6,788","6,680","6,659","6,684","6,739","6,740","6,680",
,EMP,"6,214","6,231","6,276","6,284","6,356","6,389","6,478","6,410","6,411","6,448","6,492","6,491","6,373",
,UN,414,409,365,325,310,299,310,270,248,236,247,249,307,
,RT,6.2,6.2,5.5,4.9,4.7,4.5,4.6,4.0,3.7,3.5,3.7,3.7,4.6,
,,,,,,,,,,,,,,,
Pomfret ,LF,"2,456","2,467","2,497","2,479","2,514","2,536","2,577","2,543","2,514","2,525","2,517","2,519","2,512",
,EMP,"2,364","2,380","2,402","2,402","2,428","2,447","2,480","2,453","2,431","2,451","2,456","2,458","2,429",
,UN,92,87,95,77,86,89,97,90,83,74,61,61,83,
,RT,3.7,3.5,3.8,3.1,3.4,3.5,3.8,3.5,3.3,2.9,2.4,2.4,3.3,
,,,,,,,,,,,,,,,
Portland ,LF,"5,468","5,479","5,500","5,468","5,547","5,569","5,600","5,520","5,512","5,567","5,561","5,573","5,531",
,EMP,"5,194","5,222","5,258","5,262","5,322","5,338","5,389","5,333","5,349","5,405","5,428","5,419","5,327",
,UN,274,257,242,206,225,231,211,187,163,162,133,154,204,
,RT,5.0,4.7,4.4,3.8,4.1,4.1,3.8,3.4,3.0,2.9,2.4,2.8,3.7,
,,,,,,,,,,,,,,,
Preston ,LF,"2,406","2,396","2,397","2,386","2,434","2,469","2,508","2,479","2,431","2,439","2,417","2,426","2,433",
,EMP,"2,264","2,272","2,291","2,299","2,337","2,373","2,418","2,389","2,350","2,351","2,355","2,341","2,337",
,UN,142,124,106,87,97,96,90,90,81,88,62,85,96,
,RT,5.9,5.2,4.4,3.6,4.0,3.9,3.6,3.6,3.3,3.6,2.6,3.5,3.9,
,,,,,,,,,,,,,,,
Prospect,LF,"5,613","5,636","5,673","5,614","5,702","5,739","5,776","5,666","5,694","5,720","5,731","5,741","5,692",
,EMP,"5,342","5,363","5,414","5,419","5,496","5,525","5,569","5,481","5,518","5,562","5,592","5,592","5,489",
,UN,271,273,259,195,206,214,207,185,176,158,139,149,203,
,RT,4.8,4.8,4.6,3.5,3.6,3.7,3.6,3.3,3.1,2.8,2.4,2.6,3.6,
,,,,,,,,,,,,,,,
Putnam ,LF,"4,789","4,816","4,819","4,787","4,845","4,890","4,953","4,853","4,817","4,865","4,854","4,857","4,846",
,EMP,"4,492","4,522","4,563","4,563","4,613","4,649","4,713","4,661","4,620","4,657","4,666","4,670","4,616",
,UN,297,294,256,224,232,241,240,192,197,208,188,187,230,
,RT,6.2,6.1,5.3,4.7,4.8,4.9,4.8,4.0,4.1,4.3,3.9,3.9,4.7,
,,,,,,,,,,,,,,,
Redding,LF,"4,358","4,368","4,387","4,387","4,437","4,501","4,549","4,471","4,436","4,453","4,497","4,490","4,444",
,EMP,"4,191","4,205","4,239","4,252","4,304","4,346","4,408","4,347","4,318","4,334","4,388","4,368","4,308",
,UN,167,163,148,135,133,155,141,124,118,119,109,122,136,
,RT,3.8,3.7,3.4,3.1,3.0,3.4,3.1,2.8,2.7,2.7,2.4,2.7,3.1,
,,,,,,,,,,,,,,,
Ridgefield ,LF,"11,587","11,624","11,684","11,684","11,868","12,035","12,155","11,946","11,885","11,908","12,008","11,967","11,862",
,EMP,"11,174","11,212","11,303","11,336","11,475","11,587","11,753","11,591","11,513","11,555","11,700","11,648","11,487",
,UN,413,412,381,348,393,448,402,355,372,353,308,319,375,
,RT,3.6,3.5,3.3,3.0,3.3,3.7,3.3,3.0,3.1,3.0,2.6,2.7,3.2,
,,,,,,,,,,,,,,,
Rocky Hill ,LF,"11,447","11,482","11,535","11,497","11,639","11,726","11,830","11,669","11,698","11,828","11,828","11,830","11,668",
,EMP,"11,029","11,088","11,164","11,172","11,301","11,335","11,442","11,324","11,357","11,476","11,526","11,505","11,310",
,UN,418,394,371,325,338,391,388,345,341,352,302,325,358,
,RT,3.7,3.4,3.2,2.8,2.9,3.3,3.3,3.0,2.9,3.0,2.6,2.7,3.1,
,,,,,,,,,,,,,,,
Roxbury ,LF,"1,315","1,301","1,299","1,317","1,349","1,400","1,443","1,408","1,372","1,346","1,342","1,353","1,354",
,EMP,"1,260","1,247","1,252","1,274","1,305","1,352","1,398","1,369","1,336","1,315","1,316","1,326","1,313",
,UN,55,54,47,43,44,48,45,39,36,31,26,27,41,
,RT,4.2,4.2,3.6,3.3,3.3,3.4,3.1,2.8,2.6,2.3,1.9,2.0,3.0,
,,,,,,,,,,,,,,,
Salem ,LF,"2,123","2,121","2,118","2,105","2,144","2,185","2,215","2,177","2,136","2,138","2,131","2,133","2,144",
,EMP,"2,001","2,008","2,025","2,032","2,066","2,097","2,137","2,111","2,077","2,078","2,081","2,069","2,065",
,UN,122,113,93,73,78,88,78,66,59,60,50,64,79,
,RT,5.7,5.3,4.4,3.5,3.6,4.0,3.5,3.0,2.8,2.8,2.3,3.0,3.7,
,,,,,,,,,,,,,,,
Salisbury ,LF,"1,796","1,775","1,779","1,798","1,834","1,908","1,962","1,924","1,872","1,840","1,837","1,862","1,849",
,EMP,"1,722","1,705","1,711","1,742","1,783","1,848","1,911","1,872","1,827","1,798","1,799","1,812","1,794",
,UN,74,70,68,56,51,60,51,52,45,42,38,50,55,
,RT,4.1,3.9,3.8,3.1,2.8,3.1,2.6,2.7,2.4,2.3,2.1,2.7,3.0,
,,,,,,,,,,,,,,,
Scotland ,LF,954,962,964,949,965,969,972,964,965,974,983,979,967,
,EMP,905,910,916,917,927,930,939,929,932,942,946,944,928,
,UN,49,52,48,32,38,39,33,35,33,32,37,35,39,
,RT,5.1,5.4,5.0,3.4,3.9,4.0,3.4,3.6,3.4,3.3,3.8,3.6,4.0,
,,,,,,,,,,,,,,,
Seymour ,LF,"8,861","8,873","8,914","8,862","8,963","9,075","9,200","9,086","8,982","9,025","9,105","9,068","9,001",
,EMP,"8,382","8,410","8,478","8,503","8,607","8,691","8,816","8,694","8,635","8,668","8,776","8,737","8,616",
,UN,479,463,436,359,356,384,384,392,347,357,329,331,385,
,RT,5.4,5.2,4.9,4.1,4.0,4.2,4.2,4.3,3.9,4.0,3.6,3.7,4.3,
,,,,,,,,,,,,,,,
Sharon ,LF,"1,479","1,462","1,466","1,470","1,502","1,565","1,612","1,574","1,534","1,511","1,504","1,522","1,517",
,EMP,"1,415","1,401","1,406","1,431","1,465","1,519","1,571","1,538","1,501","1,477","1,478","1,489","1,474",
,UN,64,61,60,39,37,46,41,36,33,34,26,33,43,
,RT,4.3,4.2,4.1,2.7,2.5,2.9,2.5,2.3,2.2,2.3,1.7,2.2,2.8,
,,,,,,,,,,,,,,,
Shelton ,LF,"21,854","21,892","21,960","21,948","22,163","22,403","22,758","22,390","22,149","22,188","22,349","22,275","22,194",
,EMP,"20,695","20,765","20,934","20,995","21,252","21,459","21,767","21,467","21,322","21,401","21,669","21,573","21,275",
,UN,"1,159","1,127","1,026",953,911,944,991,923,827,787,680,702,919,
,RT,5.3,5.1,4.7,4.3,4.1,4.2,4.4,4.1,3.7,3.5,3.0,3.2,4.1,
,,,,,,,,,,,,,,,
Sherman ,LF,"1,844","1,830","1,850","1,843","1,859","1,883","1,911","1,880","1,863","1,862","1,890","1,890","1,867",
,EMP,"1,767","1,764","1,780","1,785","1,805","1,821","1,854","1,828","1,813","1,821","1,842","1,842","1,810",
,UN,77,66,70,58,54,62,57,52,50,41,48,48,57,
,RT,4.2,3.6,3.8,3.1,2.9,3.3,3.0,2.8,2.7,2.2,2.5,2.5,3.1,
,,,,,,,,,,,,,,,
Simsbury ,LF,"13,501","13,544","13,608","13,607","13,757","13,825","13,915","13,724","13,757","13,893","13,911","13,897","13,745",
,EMP,"13,024","13,094","13,184","13,193","13,345","13,385","13,512","13,372","13,411","13,552","13,611","13,587","13,356",
,UN,477,450,424,414,412,440,403,352,346,341,300,310,389,
,RT,3.5,3.3,3.1,3.0,3.0,3.2,2.9,2.6,2.5,2.5,2.2,2.2,2.8,
,,,,,,,,,,,,,,,
Somers ,LF,"5,034","5,113","5,133","5,139","5,156","5,184","5,233","5,171","5,181","5,250","5,238","5,252","5,174",
,EMP,"4,807","4,869","4,909","4,952","4,977","4,999","5,045","5,008","5,023","5,103","5,105","5,105","4,992",
,UN,227,244,224,187,179,185,188,163,158,147,133,147,182,
,RT,4.5,4.8,4.4,3.6,3.5,3.6,3.6,3.2,3.0,2.8,2.5,2.8,3.5,
,,,,,,,,,,,,,,,
South Windsor ,LF,"14,097","14,138","14,215","14,193","14,341","14,422","14,574","14,361","14,382","14,484","14,517","14,498","14,352",
,EMP,"13,516","13,589","13,683","13,692","13,850","13,891","14,023","13,878","13,918","14,064","14,126","14,100","13,861",
,UN,581,549,532,501,491,531,551,483,464,420,391,398,491,
,RT,4.1,3.9,3.7,3.5,3.4,3.7,3.8,3.4,3.2,2.9,2.7,2.7,3.4,
,,,,,,,,,,,,,,,
Southbury ,LF,"8,539","8,558","8,610","8,587","8,726","8,829","8,932","8,769","8,698","8,714","8,779","8,765","8,709",
,EMP,"8,137","8,165","8,231","8,255","8,356","8,438","8,559","8,441","8,384","8,415","8,520","8,482","8,365",
,UN,402,393,379,332,370,391,373,328,314,299,259,283,344,
,RT,4.7,4.6,4.4,3.9,4.2,4.4,4.2,3.7,3.6,3.4,3.0,3.2,3.9,
,,,,,,,,,,,,,,,
Southington,LF,"24,494","24,559","24,643","24,523","24,771","24,885","25,057","24,717","24,730","24,972","25,060","25,043","24,788",
,EMP,"23,315","23,441","23,602","23,618","23,891","23,962","24,189","23,939","24,009","24,260","24,366","24,323","23,910",
,UN,"1,179","1,118","1,041",905,880,923,868,778,721,712,694,720,878,
,RT,4.8,4.6,4.2,3.7,3.6,3.7,3.5,3.1,2.9,2.9,2.8,2.9,3.5,
,,,,,,,,,,,,,,,
Sprague,LF,"1,590","1,601","1,602","1,600","1,625","1,646","1,683","1,656","1,621","1,610","1,606","1,602","1,621",
,EMP,"1,500","1,506","1,518","1,524","1,549","1,572","1,602","1,583","1,557","1,558","1,561","1,552","1,549",
,UN,90,95,84,76,76,74,81,73,64,52,45,50,72,
,RT,5.7,5.9,5.2,4.8,4.7,4.5,4.8,4.4,3.9,3.2,2.8,3.1,4.4,
,,,,,,,,,,,,,,,
Stafford ,LF,"6,897","6,936","6,968","6,886","6,914","6,946","7,044","6,946","6,915","6,969","6,999","7,014","6,953",
,EMP,"6,497","6,532","6,577","6,581","6,657","6,677","6,740","6,671","6,690","6,760","6,790","6,778","6,663",
,UN,400,404,391,305,257,269,304,275,225,209,209,236,290,
,RT,5.8,5.8,5.6,4.4,3.7,3.9,4.3,4.0,3.3,3.0,3.0,3.4,4.2,
,,,,,,,,,,,,,,,
Stamford ,LF,"69,576","69,868","70,150","70,066","70,741","71,618","72,598","71,431","70,711","70,940","71,580","71,312","70,883",
,EMP,"66,413","66,637","67,179","67,376","68,201","68,865","69,853","68,891","68,423","68,678","69,538","69,228","68,274",
,UN,"3,163","3,231","2,971","2,690","2,540","2,753","2,745","2,540","2,288","2,262","2,042","2,084","2,609",
,RT,4.5,4.6,4.2,3.8,3.6,3.8,3.8,3.6,3.2,3.2,2.9,2.9,3.7,
,,,,,,,,,,,,,,,
Sterling ,LF,"2,024","2,011","2,020","1,988","2,009","2,027","2,054","2,034","2,016","2,033","2,028","2,038","2,024",
,EMP,"1,871","1,883","1,901","1,901","1,921","1,936","1,963","1,942","1,924","1,939","1,944","1,945","1,923",
,UN,153,128,119,87,88,91,91,92,92,94,84,93,101,
,RT,7.6,6.4,5.9,4.4,4.4,4.5,4.4,4.5,4.6,4.6,4.1,4.6,5.0,
,,,,,,,,,,,,,,,
Stonington ,LF,"9,658","9,674","9,688","9,669","9,834","10,016","10,179","10,034","9,874","9,861","9,846","9,791","9,844",
,EMP,"9,221","9,253","9,330","9,363","9,518","9,663","9,847","9,727","9,571","9,575","9,590","9,535","9,516",
,UN,437,421,358,306,316,353,332,307,303,286,256,256,328,
,RT,4.5,4.4,3.7,3.2,3.2,3.5,3.3,3.1,3.1,2.9,2.6,2.6,3.3,
,,,,,,,,,,,,,,,
Stratford,LF,"26,872","26,936","27,045","27,106","27,290","27,637","28,190","27,729","27,225","27,277","27,509","27,380","27,350",
,EMP,"25,359","25,445","25,652","25,727","26,042","26,295","26,673","26,305","26,127","26,224","26,552","26,434","26,070",
,UN,"1,513","1,491","1,393","1,379","1,248","1,342","1,517","1,424","1,098","1,053",957,946,"1,280",
,RT,5.6,5.5,5.2,5.1,4.6,4.9,5.4,5.1,4.0,3.9,3.5,3.5,4.7,
,,,,,,,,,,,,,,,
Suffield ,LF,"7,456","7,552","7,555","7,587","7,596","7,661","7,706","7,651","7,665","7,777","7,771","7,779","7,646",
,EMP,"7,112","7,203","7,263","7,327","7,363","7,396","7,464","7,409","7,432","7,549","7,552","7,553","7,385",
,UN,344,349,292,260,233,265,242,242,233,228,219,226,261,
,RT,4.6,4.6,3.9,3.4,3.1,3.5,3.1,3.2,3.0,2.9,2.8,2.9,3.4,
,,,,,,,,,,,,,,,
Thomaston ,LF,"4,735","4,738","4,759","4,693","4,743","4,782","4,839","4,780","4,773","4,783","4,805","4,817","4,771",
,EMP,"4,474","4,486","4,519","4,525","4,576","4,600","4,664","4,615","4,616","4,642","4,674","4,674","4,589",
,UN,261,252,240,168,167,182,175,165,157,141,131,143,182,
,RT,5.5,5.3,5.0,3.6,3.5,3.8,3.6,3.5,3.3,2.9,2.7,3.0,3.8,
,,,,,,,,,,,,,,,
Thompson ,LF,"5,179","5,197","5,240","5,188","5,257","5,312","5,371","5,298","5,234","5,295","5,271","5,284","5,260",
,EMP,"4,916","4,948","4,994","4,994","5,048","5,087","5,157","5,101","5,056","5,096","5,106","5,110","5,051",
,UN,263,249,246,194,209,225,214,197,178,199,165,174,209,
,RT,5.1,4.8,4.7,3.7,4.0,4.2,4.0,3.7,3.4,3.8,3.1,3.3,4.0,
,,,,,,,,,,,,,,,
Tolland ,LF,"8,478","8,531","8,571","8,531","8,671","8,724","8,774","8,663","8,640","8,718","8,715","8,710","8,643",
,EMP,"8,173","8,217","8,274","8,279","8,375","8,400","8,479","8,392","8,416","8,504","8,542","8,526","8,381",
,UN,305,314,297,252,296,324,295,271,224,214,173,184,262,
,RT,3.6,3.7,3.5,3.0,3.4,3.7,3.4,3.1,2.6,2.5,2.0,2.1,3.0,
,,,,,,,,,,,,,,,
Torrington,LF,"19,045","19,004","19,044","18,902","19,147","19,432","19,481","19,206","19,114","19,211","19,274","19,234","19,174",
,EMP,"17,811","17,805","17,940","18,017","18,300","18,529","18,549","18,372","18,361","18,484","18,591","18,522","18,273",
,UN,"1,234","1,199","1,104",885,847,903,932,834,753,727,683,712,901,
,RT,6.5,6.3,5.8,4.7,4.4,4.6,4.8,4.3,3.9,3.8,3.5,3.7,4.7,
,,,,,,,,,,,,,,,
Trumbull ,LF,"17,641","17,672","17,774","17,740","17,993","18,249","18,474","18,138","17,992","17,985","18,145","18,077","17,990",
,EMP,"16,843","16,900","17,037","17,087","17,296","17,465","17,715","17,471","17,353","17,417","17,635","17,557","17,315",
,UN,798,772,737,653,697,784,759,667,639,568,510,520,675,
,RT,4.5,4.4,4.1,3.7,3.9,4.3,4.1,3.7,3.6,3.2,2.8,2.9,3.8,
,,,,,,,,,,,,,,,
Union* ,LF,458,461,460,459,465,467,472,463,467,468,468,469,464,
,EMP,441,444,447,447,452,453,458,453,454,459,461,460,452,
,UN,17,17,13,12,13,14,14,10,13,9,7,9,12,
,RT,3.7,3.7,2.8,2.6,2.8,3.0,3.0,2.2,2.8,1.9,1.5,1.9,2.6,
,,,,,,,,,,,,,,,
Vernon ,LF,"17,246","17,337","17,399","17,284","17,486","17,528","17,677","17,447","17,445","17,603","17,599","17,588","17,470",
,EMP,"16,359","16,448","16,561","16,572","16,763","16,813","16,973","16,798","16,846","17,023","17,097","17,067","16,777",
,UN,887,889,838,712,723,715,704,649,599,580,502,521,693,
,RT,5.1,5.1,4.8,4.1,4.1,4.1,4.0,3.7,3.4,3.3,2.9,3.0,4.0,
,,,,,,,,,,,,,,,
Voluntown ,LF,"1,463","1,464","1,464","1,461","1,481","1,506","1,531","1,507","1,487","1,481","1,485","1,482","1,484",
,EMP,"1,386","1,391","1,402","1,407","1,431","1,452","1,480","1,462","1,439","1,439","1,442","1,433","1,430",
,UN,77,73,62,54,50,54,51,45,48,42,43,49,54,
,RT,5.3,5.0,4.2,3.7,3.4,3.6,3.3,3.0,3.2,2.8,2.9,3.3,3.6,
,,,,,,,,,,,,,,,
Wallingford,LF,"25,889","26,121","26,115","26,171","26,399","26,540","26,569","26,143","26,329","26,668","26,609","26,541","26,341",
,EMP,"24,683","24,972","25,028","25,244","25,458","25,526","25,625","25,287","25,517","25,883","25,931","25,816","25,414",
,UN,"1,206","1,149","1,087",927,941,"1,014",944,856,812,785,678,725,927,
,RT,4.7,4.4,4.2,3.5,3.6,3.8,3.6,3.3,3.1,2.9,2.5,2.7,3.5,
,,,,,,,,,,,,,,,
Warren ,LF,782,776,773,784,801,830,859,836,815,799,795,808,805,
,EMP,748,741,743,757,775,803,830,813,794,781,782,787,780,
,UN,34,35,30,27,26,27,29,23,21,18,13,21,25,
,RT,4.3,4.5,3.9,3.4,3.2,3.3,3.4,2.8,2.6,2.3,1.6,2.6,3.1,
,,,,,,,,,,,,,,,
Washington ,LF,"2,017","1,993","1,994","2,016","2,068","2,152","2,223","2,175","2,117","2,081","2,075","2,093","2,084",
,EMP,"1,952","1,933","1,940","1,974","2,022","2,095","2,167","2,122","2,071","2,038","2,039","2,054","2,034",
,UN,65,60,54,42,46,57,56,53,46,43,36,39,50,
,RT,3.2,3.0,2.7,2.1,2.2,2.6,2.5,2.4,2.2,2.1,1.7,1.9,2.4,
,,,,,,,,,,,,,,,
Waterbury,LF,"50,505","50,609","50,752","50,301","51,034","51,343","51,812","50,875","50,829","51,164","51,281","51,166","50,973",
,EMP,"46,347","46,526","46,972","47,010","47,677","47,929","48,318","47,549","47,868","48,250","48,517","48,514","47,623",
,UN,"4,158","4,083","3,780","3,291","3,357","3,414","3,494","3,326","2,961","2,914","2,764","2,652","3,350",
,RT,8.2,8.1,7.4,6.5,6.6,6.6,6.7,6.5,5.8,5.7,5.4,5.2,6.6,
,,,,,,,,,,,,,,,
Waterford ,LF,"9,977","9,973","10,011","10,004","10,186","10,359","10,532","10,376","10,182","10,134","10,157","10,104","10,167",
,EMP,"9,498","9,531","9,611","9,646","9,805","9,954","10,144","10,020","9,859","9,864","9,879","9,822","9,803",
,UN,479,442,400,358,381,405,388,356,323,270,278,282,364,
,RT,4.8,4.4,4.0,3.6,3.7,3.9,3.7,3.4,3.2,2.7,2.7,2.8,3.6,
,,,,,,,,,,,,,,,
Watertown,LF,"12,864","12,888","12,966","12,868","13,078","13,163","13,276","13,018","13,087","13,153","13,198","13,191","13,063",
,EMP,"12,244","12,291","12,409","12,419","12,595","12,662","12,764","12,561","12,646","12,747","12,817","12,816","12,581",
,UN,620,597,557,449,483,501,512,457,441,406,381,375,482,
,RT,4.8,4.6,4.3,3.5,3.7,3.8,3.9,3.5,3.4,3.1,2.9,2.8,3.7,
,,,,,,,,,,,,,,,
West Hartford,LF,"34,105","34,202","34,372","34,301","34,765","35,042","35,278","34,829","34,928","35,237","35,253","35,170","34,790",
,EMP,"32,881","33,059","33,286","33,309","33,693","33,793","34,114","33,762","33,860","34,214","34,364","34,303","33,720",
,UN,"1,224","1,143","1,086",992,"1,072","1,249","1,164","1,067","1,068","1,023",889,867,"1,070",
,RT,3.6,3.3,3.2,2.9,3.1,3.6,3.3,3.1,3.1,2.9,2.5,2.5,3.1,
,,,,,,,,,,,,,,,
West Haven ,LF,"29,717","29,922","29,893","29,924","30,261","30,403","30,530","30,042","30,212","30,575","30,493","30,366","30,195",
,EMP,"27,935","28,261","28,324","28,569","28,811","28,889","29,001","28,618","28,879","29,292","29,346","29,216","28,762",
,UN,"1,782","1,661","1,569","1,355","1,450","1,514","1,529","1,424","1,333","1,283","1,147","1,150","1,433",
,RT,6.0,5.6,5.2,4.5,4.8,5.0,5.0,4.7,4.4,4.2,3.8,3.8,4.7,
,,,,,,,,,,,,,,,
Westbrook ,LF,"3,635","3,645","3,637","3,647","3,686","3,710","3,718","3,662","3,695","3,726","3,730","3,720","3,685",
,EMP,"3,451","3,481","3,491","3,523","3,552","3,566","3,593","3,548","3,573","3,606","3,625","3,611","3,552",
,UN,184,164,146,124,134,144,125,114,122,120,105,109,133,
,RT,5.1,4.5,4.0,3.4,3.6,3.9,3.4,3.1,3.3,3.2,2.8,2.9,3.6,
,,,,,,,,,,,,,,,
Weston ,LF,"4,263","4,253","4,289","4,301","4,382","4,451","4,498","4,428","4,399","4,415","4,434","4,416","4,378",
,EMP,"4,105","4,118","4,152","4,164","4,215","4,256","4,317","4,258","4,229","4,244","4,298","4,279","4,220",
,UN,158,135,137,137,167,195,181,170,170,171,136,137,158,
,RT,3.7,3.2,3.2,3.2,3.8,4.4,4.0,3.8,3.9,3.9,3.1,3.1,3.6,
,,,,,,,,,,,,,,,
Westport,LF,"12,415","12,436","12,519","12,538","12,723","12,904","13,023","12,805","12,727","12,757","12,853","12,814","12,710",
,EMP,"11,981","12,021","12,119","12,155","12,303","12,423","12,601","12,428","12,344","12,389","12,545","12,489","12,317",
,UN,434,415,400,383,420,481,422,377,383,368,308,325,393,
,RT,3.5,3.3,3.2,3.1,3.3,3.7,3.2,2.9,3.0,2.9,2.4,2.5,3.1,
,,,,,,,,,,,,,,,
Wethersfield ,LF,"13,937","13,992","14,021","14,008","14,162","14,205","14,317","14,144","14,132","14,243","14,244","14,221","14,136",
,EMP,"13,287","13,358","13,450","13,460","13,615","13,655","13,785","13,643","13,682","13,826","13,886","13,861","13,626",
,UN,650,634,571,548,547,550,532,501,450,417,358,360,510,
,RT,4.7,4.5,4.1,3.9,3.9,3.9,3.7,3.5,3.2,2.9,2.5,2.5,3.6,
,,,,,,,,,,,,,,,
Willington,LF,"3,659","3,668","3,690","3,652","3,727","3,743","3,759","3,710","3,688","3,724","3,728","3,720","3,706",
,EMP,"3,487","3,506","3,530","3,532","3,573","3,584","3,618","3,580","3,591","3,628","3,644","3,638","3,576",
,UN,172,162,160,120,154,159,141,130,97,96,84,82,130,
,RT,4.7,4.4,4.3,3.3,4.1,4.2,3.8,3.5,2.6,2.6,2.3,2.2,3.5,
,,,,,,,,,,,,,,,
Wilton ,LF,"8,284","8,301","8,339","8,350","8,476","8,603","8,673","8,524","8,491","8,509","8,577","8,550","8,473",
,EMP,"7,983","8,010","8,075","8,099","8,198","8,278","8,397","8,281","8,225","8,256","8,359","8,322","8,207",
,UN,301,291,264,251,278,325,276,243,266,253,218,228,266,
,RT,3.6,3.5,3.2,3.0,3.3,3.8,3.2,2.9,3.1,3.0,2.5,2.7,3.1,
,,,,,,,,,,,,,,,
Winchester ,LF,"6,088","6,076","6,096","6,068","6,132","6,191","6,216","6,152","6,108","6,146","6,151","6,146","6,131",
,EMP,"5,709","5,707","5,750","5,775","5,866","5,939","5,945","5,889","5,885","5,924","5,959","5,937","5,857",
,UN,379,369,346,293,266,252,271,263,223,222,192,209,274,
,RT,6.2,6.1,5.7,4.8,4.3,4.1,4.4,4.3,3.7,3.6,3.1,3.4,4.5,
,,,,,,,,,,,,,,,
Windham,LF,"12,386","12,306","12,405","12,155","12,482","12,595","12,677","12,535","12,343","12,446","12,474","12,497","12,441",
,EMP,"11,491","11,553","11,633","11,641","11,775","11,810","11,922","11,799","11,833","11,957","12,010","11,988","11,784",
,UN,895,753,772,514,707,785,755,736,510,489,464,509,657,
,RT,7.2,6.1,6.2,4.2,5.7,6.2,6.0,5.9,4.1,3.9,3.7,4.1,5.3,
,,,,,,,,,,,,,,,
Windsor,LF,"16,427","16,522","16,574","16,507","16,737","16,814","16,945","16,743","16,744","16,928","16,916","16,858","16,727",
,EMP,"15,643","15,727","15,835","15,846","16,029","16,077","16,229","16,062","16,108","16,277","16,348","16,319","16,042",
,UN,784,795,739,661,708,737,716,681,636,651,568,539,685,
,RT,4.8,4.8,4.5,4.0,4.2,4.4,4.2,4.1,3.8,3.8,3.4,3.2,4.1,
,,,,,,,,,,,,,,,
Windsor Locks ,LF,"7,339","7,405","7,442","7,460","7,470","7,517","7,590","7,506","7,515","7,629","7,601","7,615","7,507",
,EMP,"6,915","7,003","7,061","7,123","7,158","7,190","7,257","7,204","7,225","7,340","7,342","7,343","7,180",
,UN,424,402,381,337,312,327,333,302,290,289,259,272,327,
,RT,5.8,5.4,5.1,4.5,4.2,4.4,4.4,4.0,3.9,3.8,3.4,3.6,4.4,
,,,,,,,,,,,,,,,
Wolcott ,LF,"9,846","9,865","9,916","9,869","9,993","10,080","10,156","9,961","9,992","10,097","10,119","10,121","10,001",
,EMP,"9,375","9,411","9,501","9,509","9,644","9,695","9,773","9,618","9,683","9,760","9,814","9,813","9,633",
,UN,471,454,415,360,349,385,383,343,309,337,305,308,368,
,RT,4.8,4.6,4.2,3.6,3.5,3.8,3.8,3.4,3.1,3.3,3.0,3.0,3.7,
,,,,,,,,,,,,,,,
Woodbridge ,LF,"4,749","4,770","4,797","4,790","4,863","4,921","4,977","4,885","4,869","4,884","4,913","4,892","4,859",
,EMP,"4,581","4,597","4,634","4,648","4,705","4,751","4,819","4,752","4,720","4,738","4,797","4,776","4,710",
,UN,168,173,163,142,158,170,158,133,149,146,116,116,149,
,RT,3.5,3.6,3.4,3.0,3.2,3.5,3.2,2.7,3.1,3.0,2.4,2.4,3.1,
,,,,,,,,,,,,,,,
Woodbury,LF,"5,500","5,507","5,538","5,501","5,579","5,614","5,661","5,567","5,590","5,612","5,620","5,631","5,577",
,EMP,"5,243","5,263","5,313","5,318","5,393","5,421","5,465","5,378","5,415","5,458","5,488","5,488","5,387",
,UN,257,244,225,183,186,193,196,189,175,154,132,143,190,
,RT,4.7,4.4,4.1,3.3,3.3,3.4,3.5,3.4,3.1,2.7,2.3,2.5,3.4,
,,,,,,,,,,,,,,,
Woodstock ,LF,"4,131","4,169","4,183","4,147","4,181","4,233","4,273","4,213","4,158","4,184","4,197","4,199","4,190",
,EMP,"3,911","3,937","3,973","3,973","4,016","4,047","4,103","4,058","4,022","4,054","4,063","4,065","4,019",
,UN,220,232,210,174,165,186,170,155,136,130,134,134,171,
,RT,5.3,5.6,5.0,4.2,3.9,4.4,4.0,3.7,3.3,3.1,3.2,3.2,4.1,
,,,,,,,,,,,,,,,
"* Not official BLS estimates, but were produced using BLS methodology",,,,,,,,,,,,,,,